{
    "root_group": {
        "name": "",
        "path": "",
        "id": "d41d8cd98f00b204e9800998ecf8427e",
        "groups": {},
        "checks": {
                "status is 200": {
                    "name": "status is 200",
                    "path": "::status is 200",
                    "id": "6210a8cd14cd70477eba5c5e4cb3fb5f",
                    "passes": 0,
                    "fails": 1
                }
            }
    },
    "metrics": {
        "iteration_duration": {
            "avg": 1444.9666,
            "min": 1444.9666,
            "med": 1444.9666,
            "max": 1444.9666,
            "p(90)": 1444.9666,
            "p(95)": 1444.9666
        },
        "http_reqs": {
            "rate": 0.6920575188381517,
            "count": 1
        },
        "http_req_waiting": {
            "avg": 376.3905,
            "min": 376.3905,
            "med": 376.3905,
            "max": 376.3905,
            "p(90)": 376.3905,
            "p(95)": 376.3905
        },
        "iterations": {
            "count": 1,
            "rate": 0.6920575188381517
        },
        "data_sent": {
            "count": 671,
            "rate": 464.37059514039976
        },
        "checks": {
            "passes": 0,
            "fails": 1,
            "value": 0
        },
        "http_req_blocked": {
            "avg": 61.8675,
            "min": 61.8675,
            "med": 61.8675,
            "max": 61.8675,
            "p(90)": 61.8675,
            "p(95)": 61.8675
        },
        "vus": {
            "value": 1,
            "min": 1,
            "max": 1
        },
        "http_req_duration": {
            "p(95)": 377.1497,
            "avg": 377.1497,
            "min": 377.1497,
            "med": 377.1497,
            "max": 377.1497,
            "p(90)": 377.1497
        },
        "data_received": {
            "count": 10538,
            "rate": 7292.902133516442
        },
        "http_req_tls_handshaking": {
            "p(95)": 48.1635,
            "avg": 48.1635,
            "min": 48.1635,
            "med": 48.1635,
            "max": 48.1635,
            "p(90)": 48.1635
        },
        "http_req_receiving": {
            "avg": 0.7592,
            "min": 0.7592,
            "med": 0.7592,
            "max": 0.7592,
            "p(90)": 0.7592,
            "p(95)": 0.7592
        },
        "http_req_sending": {
            "avg": 0,
            "min": 0,
            "med": 0,
            "max": 0,
            "p(90)": 0,
            "p(95)": 0
        },
        "http_req_failed": {
            "passes": 1,
            "fails": 0,
            "value": 1
        },
        "vus_max": {
            "max": 1,
            "value": 1,
            "min": 1
        },
        "http_req_connecting": {
            "max": 2.5727,
            "p(90)": 2.5727,
            "p(95)": 2.5727,
            "avg": 2.5727,
            "min": 2.5727,
            "med": 2.5727
        }
    }
}